list,combination,drug,method
i_1,c_1,d_1,m_1
i_1,c_1,d_1,m_4
i_1,c_1,d_1,m_2
i_117,c_10,d_12,m_2
i_299,c_101,d_35,m_1
i_299,c_101,d_35,m_2
i_14,c_102,d_1,m_1
i_14,c_102,d_1,m_2
i_26,c_103,d_3,m_2
i_27,c_103,d_3,m_2
i_36,c_104,d_5,m_1
i_59,c_105,d_6,m_1
i_59,c_105,d_6,m_4
i_59,c_105,d_6,m_2
i_71,c_105,d_6,m_1
i_71,c_105,d_6,m_2
i_76,c_106,d_6,m_2
i_77,c_107,d_6,m_2
i_79,c_108,d_6,m_2
i_79,c_108,d_18,m_2
i_79,c_108,d_35,m_2
i_80,c_109,d_7,m_1
i_80,c_109,d_7,m_2
i_82,c_109,d_7,m_2
i_125,c_11,d_14,m_2
i_85,c_110,d_7,m_2
i_100,c_111,d_9,m_2
i_102,c_112,d_9,m_2
i_102,c_112,d_18,m_2
i_107,c_113,d_10,m_2
i_108,c_113,d_10,m_2
i_119,c_114,d_12,m_2
i_127,c_115,d_14,m_2
i_139,c_116,d_17,m_2
i_148,c_117,d_15,m_2
i_149,c_117,d_15,m_2
i_148,c_117,d_18,m_2
i_154,c_118,d_18,m_2
i_156,c_118,d_18,m_2
i_154,c_118,d_35,m_2
i_155,c_118,d_35,m_2
i_156,c_118,d_35,m_2
i_157,c_118,d_35,m_2
i_163,c_119,d_6,m_1
i_163,c_119,d_18,m_1
i_163,c_119,d_19,m_1
i_137,c_12,d_17,m_2
i_177,c_120,d_22,m_1
i_177,c_120,d_22,m_2
i_179,c_121,d_22,m_2
i_186,c_122,d_23,m_1
i_186,c_122,d_23,m_2
i_188,c_122,d_23,m_1
i_188,c_122,d_23,m_2
i_200,c_123,d_25,m_1
i_200,c_123,d_25,m_2
i_209,c_124,d_18,m_2
i_209,c_124,d_25,m_2
i_216,c_125,d_26,m_1
i_227,c_126,d_27,m_2
i_232,c_127,d_29,m_2
i_234,c_128,d_30,m_2
i_235,c_128,d_30,m_2
i_240,c_129,d_31,m_1
i_240,c_129,d_31,m_2
i_150,c_13,d_18,m_2
i_150,c_13,d_35,m_1
i_151,c_13,d_35,m_1
i_249,c_130,d_32,m_2
i_250,c_130,d_32,m_2
i_259,c_131,d_33,m_2
i_260,c_131,d_33,m_2
i_261,c_131,d_33,m_2
i_262,c_131,d_33,m_2
i_281,c_132,d_35,m_2
i_282,c_132,d_35,m_2
i_283,c_132,d_35,m_1
i_284,c_132,d_35,m_1
i_297,c_133,d_35,m_2
i_298,c_133,d_35,m_2
i_28,c_135,d_4,m_1
i_29,c_135,d_4,m_1
i_37,c_136,d_5,m_1
i_37,c_136,d_5,m_4
i_37,c_136,d_5,m_2
i_40,c_136,d_5,m_1
i_42,c_137,d_6,m_1
i_42,c_137,d_18,m_1
i_42,c_137,d_35,m_1
i_43,c_137,d_35,m_1
i_62,c_138,d_6,m_1
i_62,c_138,d_6,m_4
i_62,c_138,d_6,m_2
i_65,c_138,d_6,m_1
i_65,c_138,d_6,m_4
i_65,c_138,d_6,m_2
i_68,c_138,d_6,m_1
i_109,c_139,d_10,m_2
i_110,c_139,d_10,m_2
i_152,c_14,d_18,m_2
i_152,c_14,d_35,m_2
i_153,c_14,d_35,m_2
i_111,c_140,d_10,m_2
i_114,c_141,d_11,m_1
i_115,c_141,d_11,m_1
i_115,c_141,d_11,m_2
i_120,c_142,d_12,m_2
i_121,c_143,d_12,m_2
i_128,c_144,d_14,m_2
i_140,c_145,d_17,m_2
i_141,c_146,d_17,m_2
i_158,c_147,d_18,m_2
i_158,c_147,d_35,m_2
i_159,c_147,d_35,m_2
i_160,c_148,d_18,m_1
i_160,c_148,d_35,m_1
i_161,c_148,d_35,m_1
i_204,c_149,d_25,m_1
i_204,c_149,d_25,m_6
i_206,c_149,d_25,m_6
i_162,c_15,d_6,m_1
i_162,c_15,d_18,m_1
i_162,c_15,d_19,m_1
i_208,c_150,d_18,m_2
i_208,c_150,d_25,m_2
i_217,c_151,d_26,m_1
i_218,c_151,d_26,m_1
i_228,c_152,d_27,m_2
i_236,c_153,d_30,m_2
i_237,c_154,d_30,m_2
i_251,c_155,d_32,m_2
i_252,c_155,d_32,m_2
i_263,c_156,d_33,m_2
i_264,c_156,d_33,m_2
i_266,c_157,d_33,m_2
i_268,c_157,d_33,m_2
i_266,c_157,d_35,m_1
i_266,c_157,d_35,m_2
i_285,c_158,d_35,m_1
i_285,c_158,d_35,m_2
i_287,c_158,d_35,m_1
i_287,c_158,d_35,m_2
i_294,c_159,d_35,m_2
i_295,c_159,d_35,m_2
i_296,c_159,d_35,m_2
i_175,c_16,d_22,m_2
i_176,c_16,d_22,m_1
i_301,c_160,d_36,m_1
i_301,c_160,d_36,m_2
i_303,c_160,d_36,m_1
i_303,c_160,d_36,m_2
i_265,c_161,d_33,m_1
i_267,c_161,d_33,m_1
i_265,c_161,d_35,m_1
i_265,c_161,d_35,m_2
i_194,c_17,d_25,m_1
i_194,c_17,d_25,m_2
i_196,c_17,d_25,m_1
i_196,c_17,d_25,m_2
i_207,c_18,d_18,m_2
i_207,c_18,d_25,m_2
i_210,c_19,d_26,m_1
i_210,c_19,d_26,m_2
i_20,c_2,d_2,m_2
i_219,c_20,d_27,m_1
i_219,c_20,d_27,m_2
i_221,c_20,d_27,m_1
i_221,c_20,d_27,m_2
i_223,c_20,d_27,m_2
i_233,c_21,d_30,m_2
i_238,c_22,d_30,m_2
i_248,c_23,d_32,m_2
i_253,c_24,d_33,m_2
i_254,c_24,d_33,m_2
i_277,c_25,d_35,m_1
i_278,c_25,d_35,m_2
i_279,c_25,d_35,m_1
i_280,c_25,d_35,m_2
i_6,c_26,d_1,m_1
i_7,c_26,d_1,m_1
i_18,c_27,d_1,m_1
i_19,c_27,d_1,m_1
i_21,c_28,d_2,m_1
i_32,c_29,d_5,m_1
i_22,c_3,d_3,m_2
i_23,c_3,d_3,m_2
i_41,c_30,d_5,m_4
i_53,c_31,d_6,m_1
i_90,c_32,d_8,m_1
i_94,c_33,d_8,m_1
i_112,c_34,d_11,m_1
i_122,c_35,d_13,m_3
i_123,c_35,d_13,m_3
i_124,c_35,d_13,m_3
i_132,c_36,d_16,m_1
i_165,c_38,d_21,m_3
i_166,c_38,d_21,m_3
i_167,c_38,d_21,m_3
i_168,c_38,d_21,m_3
i_169,c_38,d_21,m_2
i_180,c_39,d_22,m_1
i_30,c_4,d_5,m_2
i_31,c_4,d_5,m_1
i_182,c_40,d_22,m_1
i_184,c_41,d_23,m_1
i_190,c_42,d_24,m_1
i_198,c_43,d_25,m_1
i_212,c_44,d_26,m_1
i_213,c_44,d_26,m_1
i_230,c_45,d_28,m_1
i_255,c_46,d_33,m_1
i_44,c_5,d_6,m_1
i_44,c_5,d_6,m_4
i_44,c_5,d_6,m_2
i_47,c_5,d_6,m_1
i_47,c_5,d_6,m_4
i_47,c_5,d_6,m_2
i_50,c_5,d_6,m_1
i_50,c_5,d_6,m_4
i_50,c_5,d_6,m_2
i_2,c_50,d_1,m_1
i_3,c_50,d_1,m_1
i_8,c_51,d_1,m_1
i_9,c_51,d_1,m_1
i_33,c_52,d_5,m_1
i_54,c_53,d_6,m_1
i_91,c_54,d_8,m_1
i_92,c_54,d_8,m_1
i_93,c_55,d_8,m_5
i_95,c_56,d_8,m_1
i_96,c_56,d_8,m_1
i_113,c_57,d_11,m_1
i_133,c_58,d_16,m_1
i_133,c_58,d_16,m_2
i_78,c_6,d_6,m_2
i_78,c_6,d_18,m_2
i_78,c_6,d_35,m_2
i_170,c_60,d_21,m_3
i_171,c_60,d_21,m_3
i_172,c_60,d_21,m_3
i_173,c_60,d_21,m_3
i_174,c_60,d_21,m_2
i_181,c_61,d_22,m_1
i_183,c_62,d_22,m_1
i_185,c_63,d_23,m_1
i_191,c_64,d_24,m_1
i_191,c_64,d_24,m_4
i_191,c_64,d_24,m_2
i_199,c_65,d_25,m_1
i_214,c_66,d_26,m_1
i_215,c_66,d_26,m_1
i_224,c_67,d_27,m_1
i_231,c_68,d_28,m_2
i_256,c_69,d_33,m_1
i_97,c_7,d_9,m_2
i_98,c_7,d_9,m_2
i_273,c_70,d_34,m_3
i_274,c_70,d_34,m_3
i_275,c_70,d_34,m_3
i_276,c_70,d_34,m_3
i_4,c_71,d_1,m_1
i_4,c_71,d_1,m_2
i_10,c_72,d_1,m_1
i_10,c_72,d_1,m_2
i_24,c_73,d_3,m_2
i_25,c_73,d_3,m_2
i_34,c_74,d_5,m_1
i_35,c_74,d_5,m_2
i_55,c_75,d_6,m_1
i_55,c_75,d_6,m_4
i_55,c_75,d_6,m_2
i_69,c_75,d_6,m_1
i_69,c_75,d_6,m_2
i_58,c_76,d_6,m_2
i_73,c_77,d_6,m_2
i_74,c_77,d_6,m_1
i_74,c_77,d_6,m_2
i_86,c_79,d_7,m_1
i_86,c_79,d_7,m_2
i_88,c_79,d_7,m_2
i_89,c_79,d_7,m_1
i_101,c_8,d_9,m_2
i_101,c_8,d_18,m_2
i_99,c_80,d_9,m_2
i_105,c_81,d_10,m_2
i_106,c_81,d_10,m_2
i_118,c_82,d_12,m_2
i_126,c_83,d_14,m_2
i_130,c_84,d_15,m_2
i_131,c_84,d_15,m_2
i_130,c_84,d_18,m_2
i_135,c_85,d_16,m_1
i_135,c_85,d_16,m_2
i_138,c_86,d_17,m_2
i_142,c_87,d_18,m_2
i_143,c_88,d_18,m_2
i_146,c_89,d_9,m_2
i_146,c_89,d_18,m_2
i_103,c_9,d_10,m_2
i_104,c_9,d_10,m_2
i_147,c_90,d_18,m_2
i_147,c_90,d_25,m_2
i_201,c_91,d_25,m_1
i_225,c_92,d_27,m_2
i_226,c_93,d_27,m_2
i_239,c_94,d_31,m_2
i_242,c_95,d_31,m_1
i_242,c_95,d_31,m_2
i_244,c_96,d_31,m_1
i_244,c_96,d_31,m_2
i_246,c_96,d_31,m_2
i_247,c_96,d_31,m_1
i_257,c_97,d_33,m_2
i_258,c_97,d_33,m_2
i_289,c_98,d_35,m_1
i_289,c_98,d_35,m_2
