list,combination,drug,concentration,concentration_unit,dosage,dosage_unit
i_1,c_1,d_1,10,mg/ml,0.033-0.15,mg/kg
i_117,c_10,d_12,50,mg/ml,0.5-1.1,mg/kg
i_293,c_100,d_35,100,mg/ml,0.17-0.22,mg/kg
i_299,c_101,d_35,100,mg/ml,0.2-0.5,mg/kg
i_14,c_102,d_1,10,mg/ml,0.02-0.06,mg/kg
i_26,c_103,d_3,0.5,mg/ml,0.06,mg/kg
i_27,c_103,d_3,15,mg/ml,0.06,mg/kg
i_36,c_104,d_5,0.3,mg/ml,2-10,ug/kg
i_59,c_105,d_6,10,mg/ml,0.02-0.05,mg/kg
i_71,c_105,d_6,10,mg/ml,0.05-0.2,mg/kg
i_76,c_106,d_6,10,mg/ml,0.02,mg/kg
i_77,c_107,d_6,10,mg/ml,0.02,mg/kg
i_79,c_108,d_6,10,mg/ml,0.05-0.1,mg/kg
i_79,c_108,d_18,100,mg/ml,0.3-0.5,mg/kg
i_79,c_108,d_35,100,mg/ml,0.025–0.05,mg/kg
i_80,c_109,d_7,10,mg/ml,2-10,ug/kg
i_82,c_109,d_7,10,mg/ml,30,ug/kg
i_125,c_11,d_14,0.2,mg/ml,5-10,ug/kg
i_85,c_110,d_7,10,mg/ml,15-30,ug/kg
i_100,c_111,d_9,5,mg/ml,0.05-0.1,mg/kg
i_102,c_112,d_9,5,mg/ml,0.11,mg/kg
i_102,c_112,d_18,100,mg/ml,4.4,mg/kg
i_107,c_113,d_10,50,mg/ml,0.02-0.04,mg/kg
i_108,c_113,d_10,50,mg/ml,0.02-0.1,mg/kg
i_119,c_114,d_12,50,mg/ml,0.5-1.1,mg/kg
i_127,c_115,d_14,0.2,mg/ml,5-10,ug/kg
i_139,c_116,d_17,10,units/ml,0.1,U/kg
i_148,c_117,d_15,100,mg/ml,50-100,mg/kg
i_149,c_117,d_15,50,mg/ml,50-100,mg/kg
i_148,c_117,d_18,100,mg/ml,2.0-2.2,mg/kg
i_154,c_118,d_18,100,mg/ml,3-5,mg/kg
i_156,c_118,d_18,100,mg/ml,2.2,mg/kg
i_154,c_118,d_35,20,mg/ml,0.03,mg/kg
i_155,c_118,d_35,100,mg/ml,0.03,mg/kg
i_156,c_118,d_35,20,mg/ml,0.1-0.2,mg/kg
i_157,c_118,d_35,100,mg/ml,0.1-0.2,mg/kg
i_163,c_119,d_6,10,mg/ml,0.025,mg/kg
i_163,c_119,d_18,100,mg/ml,1.0,mg/kg
i_163,c_119,d_19,100,mg/ml,0.05,mg/kg
i_137,c_12,d_17,10,units/ml,0.1,U/kg
i_177,c_120,d_22,1,mg/ml,2-10,ug/kg
i_179,c_121,d_22,1,mg/ml,3.5,µg/kg/hr
i_186,c_122,d_23,50,mg/ml,2-5,mg/kg
i_188,c_122,d_23,100,mg/ml,2-5,mg/kg
i_200,c_123,d_25,5,mg/ml,0.05-0.1,mg/kg
i_209,c_124,d_18,100,mg/ml,4.4,mg/kg
i_209,c_124,d_25,5,mg/ml,0.11,mg/kg
i_216,c_125,d_26,50,mg/ml,0.05-0.25,mg/kg
i_227,c_126,d_27,20,mg/ml,0.06,mg/kg
i_232,c_127,d_29,60,mg/ml,1,mg/kg
i_234,c_128,d_30,10,mg/ml,2-5,mg/kg
i_235,c_128,d_30,10,mg/ml,4-8,mg/kg
i_240,c_129,d_31,10,mg/ml,10-50,ug/kg
i_150,c_13,d_18,100,mg/ml,2.2,mg/kg
i_150,c_13,d_35,20,mg/ml,0.5,mg/kg
i_151,c_13,d_35,100,mg/ml,0.5,mg/kg
i_249,c_130,d_32,20-50,mg/ml,7-10,mg/kg
i_250,c_130,d_32,20-50,mg/ml,4-8,mg/kg
i_259,c_131,d_33,50,mg/ml,2.2,mg/kg
i_260,c_131,d_33,100,mg/ml,2.2,mg/kg
i_261,c_131,d_33,50,mg/ml,1-2,mg/kg
i_262,c_131,d_33,100,mg/ml,1-2,mg/kg
i_281,c_132,d_35,20,mg/ml,0.02-0.1,mg/kg
i_282,c_132,d_35,100,mg/ml,0.02-0.1,mg/kg
i_283,c_132,d_35,20,mg/ml,0.05-0.2,mg/kg
i_284,c_132,d_35,100,mg/ml,0.05-0.2,mg/kg
i_297,c_133,d_35,100,mg/ml,0.02,mg/kg
i_298,c_133,d_35,20,mg/ml,0.02,mg/kg
i_16,c_134,d_1,10,mg/ml,0.04-0.4,mg/kg
i_17,c_134,d_1,10,mg/ml,0.05-0.5,mg/kg
i_28,c_135,d_4,40,mg/ml,1-8,mg/kg
i_29,c_135,d_4,50,mg/ml,1-8,mg/kg
i_37,c_136,d_5,0.3,mg/ml,10-50,ug/kg
i_40,c_136,d_5,0.3,mg/ml,5-10,ug/kg
i_42,c_137,d_6,10,mg/ml,0.22,mg/kg
i_42,c_137,d_18,100,mg/ml,11,mg/kg
i_42,c_137,d_35,100,mg/ml,2.2,mg/kg
i_43,c_137,d_35,20,mg/ml,2.2,mg/kg
i_62,c_138,d_6,10,mg/ml,0.02-0.05,mg/kg
i_65,c_138,d_6,10,mg/ml,0.2-0.4,mg/kg
i_68,c_138,d_6,10,mg/ml,0.05-0.2,mg/kg
i_109,c_139,d_10,50,mg/ml,0.02-0.04,mg/kg
i_110,c_139,d_10,50,mg/ml,0.02-0.1,mg/kg
i_152,c_14,d_18,100,mg/ml,2.5-3,mg/kg
i_152,c_14,d_35,100,mg/ml,0.25,mg/kg
i_153,c_14,d_35,20,mg/ml,0.25,mg/kg
i_111,c_140,d_10,50,mg/ml,0.05-0.1,mg/kg
i_114,c_141,d_11,50,mg/ml,2-10,ug/kg
i_115,c_141,d_11,50,mg/ml,20-50,ug/kg
i_120,c_142,d_12,50,mg/ml,0.5-1.1,mg/kg
i_121,c_143,d_12,50,mg/ml,0.5,mg/kg
i_128,c_144,d_14,0.2,mg/ml,5-10,ug/kg
i_140,c_145,d_17,10,units/ml,0.1,U/kg
i_141,c_146,d_17,10,units/ml,0.1,U/kg
i_158,c_147,d_18,100,mg/ml,2.2,mg/kg
i_158,c_147,d_35,20,mg/ml,2.2,mg/kg
i_159,c_147,d_35,100,mg/ml,2.2,mg/kg
i_160,c_148,d_18,100,mg/ml,10-15,mg/kg
i_160,c_148,d_35,20,mg/ml,2.2,mg/kg
i_161,c_148,d_35,100,mg/ml,2.2,mg/kg
i_204,c_149,d_25,5,mg/ml,0.1-0.5,mg/kg
i_206,c_149,d_25,5,mg/ml,0.2-0.4,mg/kg
i_162,c_15,d_6,10,mg/ml,0.055–0.11,mg/kg
i_162,c_15,d_18,100,mg/ml,0.22–0.55,mg/kg
i_162,c_15,d_19,100,mg/ml,0.22-0.55,mg/kg
i_208,c_150,d_18,101,mg/ml,1.5-2.5,mg/kg
i_208,c_150,d_25,5,mg/ml,0.2,mg/kg
i_217,c_151,d_26,15,mg/ml,0.25-1.0,mg/kg
i_218,c_151,d_26,15,mg/ml,0.1-0.5,mg/kg
i_228,c_152,d_27,20,mg/ml,0.06,mg/kg
i_236,c_153,d_30,10,mg/ml,3-8,mg/kg
i_237,c_154,d_30,10,mg/ml,0.1-0.6,mg/kg/min
i_251,c_155,d_32,20,mg/ml,4-10,mg/kg
i_252,c_155,d_32,40,mg/ml,4-10,mg/kg
i_263,c_156,d_33,50,mg/ml,1.5-2.2,mg/kg
i_264,c_156,d_33,100,mg/ml,1.5-2.2,mg/kg
i_266,c_157,d_33,50,mg/ml,2.2,mg/kg
i_268,c_157,d_33,100,mg/ml,2.2,mg/kg
i_266,c_157,d_35,100,mg/ml,2.2,mg/kg
i_285,c_158,d_35,100,mg/ml,1-2,mg/kg
i_287,c_158,d_35,100,mg/ml,0.5-3,mg/kg
i_294,c_159,d_35,100,mg/ml,10-15,µg/kg/min
i_295,c_159,d_35,100,mg/ml,8.3-16.6,µg/kg/hr
i_296,c_159,d_35,100,mg/ml,0.5-1,mg/kg/hr
i_175,c_16,d_22,1,mg/ml,3-10,ug/kg
i_176,c_16,d_22,1,mg/ml,10-30,ug/kg
i_301,c_160,d_36,5,mg/ml,0.1-0.2,mg/kg
i_303,c_160,d_36,2,mg/ml,0.1-0.2,mg/kg
i_265,c_161,d_33,50,mg/ml,6,mg/kg
i_267,c_161,d_33,100,mg/ml,6,mg/kg
i_265,c_161,d_35,100,mg/ml,2.2,mg/kg
i_194,c_17,d_25,5,mg/ml,0.05-0.5,mg/kg
i_196,c_17,d_25,5,mg/ml,0.1-0.3,mg/kg
i_207,c_18,d_18,100,mg/ml,2.2-4.4,mg/kg
i_207,c_18,d_25,5,mg/ml,0.1-0.2,mg/kg
i_210,c_19,d_26,15,mg/ml,0.05-0.1,mg/kg
i_20,c_2,d_2,10,mg/ml,2.0,mg/kg
i_219,c_20,d_27,20,mg/ml,0.2-0.4,mg/kg
i_221,c_20,d_27,10,mg/ml,0.2-0.4,mg/kg
i_223,c_20,d_27,20,mg/ml,0.06,mg/kg
i_233,c_21,d_30,10,mg/ml,0.1-0.4,mg/kg/min
i_238,c_22,d_30,10,mg/ml,2-8,mg/kg
i_248,c_23,d_32,20,mg/ml,4-10,mg/kg
i_253,c_24,d_33,50,mg/ml,1-2.2,mg/kg
i_254,c_24,d_33,100,mg/ml,1-2.2,mg/kg
i_277,c_25,d_35,20,mg/ml,0.2-0.88,mg/kg
i_278,c_25,d_35,20,mg/ml,0.1-0.44,mg/kg
i_279,c_25,d_35,100,mg/ml,0.2-0.88,mg/kg
i_280,c_25,d_35,100,mg/ml,0.1-0.44,mg/kg
i_6,c_26,d_1,10,mg/ml,0.05-0.1,mg/kg
i_7,c_26,d_1,1,mg/ml,0.05-0.1,mg/kg
i_18,c_27,d_1,10,mg/ml,0.1-0.2,mg/kg
i_19,c_27,d_1,1,mg/ml,0.1-0.2,mg/kg
i_21,c_28,d_2,10,mg/ml,2-4,mg/kg
i_32,c_29,d_5,0.3,mg/ml,6-10,ug/kg
i_22,c_3,d_3,0.5,mg/ml,0.02,mg/kg
i_23,c_3,d_3,15,mg/ml,0.02,mg/kg
i_41,c_30,d_5,1.8,mg/ml,0.24,mg/kg
i_53,c_31,d_6,10,mg/ml,0.2-0.8,mg/kg
i_90,c_32,d_8,0.5,mg/ml,10-20,ug/kg
i_94,c_33,d_8,0.5,mg/ml,5-10,ug/kg
i_112,c_34,d_11,50,ug/ml,2-10,ug/kg
i_122,c_35,d_13,100,mg/capsule,25,mg/kg
i_123,c_35,d_13,300,mg/capsule,25,mg/kg
i_124,c_35,d_13,400,mg/capsule,25,mg/kg
i_132,c_36,d_16,2,mg/ml,0.03-0.05,mg/kg
i_144,c_37,d_18,100,mg/ml,3-5,mg/kg
i_165,c_38,d_21,160,mg/tablet,1,mg/kg
i_166,c_38,d_21,60,mg/tablet,1,mg/kg
i_167,c_38,d_21,24,mg/tablet,1,mg/kg
i_168,c_38,d_21,16,mg/tablet,1,mg/kg
i_169,c_38,d_21,10,mg/ml,1,mg/kg
i_180,c_39,d_22,1,mg/ml,20-40,ug/kg
i_30,c_4,d_5,0.3,mg/ml,2-5,ug/kg
i_31,c_4,d_5,0.3,mg/ml,5-10,ug/kg
i_182,c_40,d_22,1,mg/ml,10-20,ug/kg
i_184,c_41,d_23,50,mg/ml,3-5,mg/kg
i_190,c_42,d_24,10,mg/ml,0.1-0.3,mg/kg
i_198,c_43,d_25,5,mg/ml,0.2-0.4,mg/kg
i_212,c_44,d_26,10,mg/ml,0.1-0.3,mg/kg
i_213,c_44,d_26,15,mg/ml,0.1-0.3,mg/kg
i_230,c_45,d_28,1,mg/ml,0.05-0.1,mg/kg
i_255,c_46,d_33,50,mg/ml,3-5,mg/kg
i_83,c_47,d_7,10,mg/ml,40,ug/kg
i_164,c_48,d_20,20,mg/ml,0.22-0.5,mg/kg
i_291,c_49,d_35,100,mg/ml,0.05,mg/kg
i_44,c_5,d_6,10,mg/ml,0.05-0.1,mg/kg
i_47,c_5,d_6,10,mg/ml,0.02-0.2,mg/kg
i_50,c_5,d_6,10,mg/ml,0.02-0.05,mg/kg
i_2,c_50,d_1,10,mg/ml,0.05-0.1,mg/kg
i_3,c_50,d_1,1,mg/ml,0.05-0.1,mg/kg
i_8,c_51,d_1,10,mg/ml,0.01-0.05,mg/kg
i_9,c_51,d_1,1,mg/ml,0.01-0.05,mg/kg
i_33,c_52,d_5,0.3,mg/ml,6-10,ug/kg
i_54,c_53,d_6,10,mg/ml,0.1-0.2,mg/kg
i_91,c_54,d_8,0.1,mg/ml,5-15,ug/kg
i_92,c_54,d_8,0.5,mg/ml,5-15,ug/kg
i_93,c_55,d_8,0.1,mg/ml,4-5,ug/kg
i_95,c_56,d_8,0.1,mg/ml,3-5,ug/kg
i_96,c_56,d_8,0.5,mg/ml,3-5,ug/kg
i_113,c_57,d_11,50,ug/ml,5-20,ug/kg
i_133,c_58,d_16,2,mg/ml,0.05-0.2,mg/kg
i_145,c_59,d_18,100,mg/ml,1-10,mg/kg
i_78,c_6,d_6,10,mg/ml,0.077-0.11,mg/kg
i_78,c_6,d_18,100,mg/ml,0.22-0.33,mg/kg
i_78,c_6,d_35,100,mg/ml,0.22–0.33,mg/kg
i_170,c_60,d_21,160,mg/tablet,2,mg/kg
i_171,c_60,d_21,60,mg/tablet,2,mg/kg
i_172,c_60,d_21,24,mg/tablet,2,mg/kg
i_173,c_60,d_21,16,mg/tablet,2,mg/kg
i_174,c_60,d_21,10,mg/ml,1,mg/kg
i_181,c_61,d_22,1,mg/ml,10-30,ug/kg
i_183,c_62,d_22,1,mg/ml,5-10,ug/kg
i_185,c_63,d_23,50,mg/ml,3-5,mg/kg
i_191,c_64,d_24,10,mg/ml,0.1-0.5,mg/kg
i_199,c_65,d_25,5,mg/ml,0.2-0.4,mg/kg
i_214,c_66,d_26,10,mg/ml,0.25-1.0,mg/kg
i_215,c_66,d_26,15,mg/ml,0.25-1.0,mg/kg
i_224,c_67,d_27,20,mg/ml,0.5-1,mg/kg
i_231,c_68,d_28,1,mg/ml,0.03-0.1,mg/kg
i_256,c_69,d_33,50-100,mg/ml,3-5,mg/kg
i_97,c_7,d_9,5,mg/ml,0.05-0.3,mg/kg
i_98,c_7,d_9,5,mg/ml,0.1-0.5,mg/kg
i_273,c_70,d_34,50,mg/capsule,5-7,mg/kg
i_274,c_70,d_34,100,mg/capsule,5-7,mg/kg
i_275,c_70,d_34,150,mg/capsule,5-7,mg/kg
i_276,c_70,d_34,300,mg/capsule,5-7,mg/kg
i_4,c_71,d_1,10,mg/ml,0.05-0.08,mg/kg
i_10,c_72,d_1,10,mg/ml,0.02-0.05,mg/kg
i_24,c_73,d_3,0.5,mg/ml,0.02-0.04,mg/kg
i_25,c_73,d_3,15,mg/ml,0.02-0.04,mg/kg
i_34,c_74,d_5,0.3,mg/ml,2-5,ug/kg
i_35,c_74,d_5,0.3,mg/ml,5,ug/kg
i_55,c_75,d_6,10,mg/ml,0.02-0.05,mg/kg
i_69,c_75,d_6,10,mg/ml,0.04-0.1,mg/kg
i_58,c_76,d_6,10,mg/ml,0.02,mg/kg
i_73,c_77,d_6,10,mg/ml,0.01-0.03,mg/kg
i_74,c_77,d_6,10,mg/ml,0.02-0.04,mg/kg
i_84,c_78,d_7,10,mg/ml,20-40,ug/kg
i_86,c_79,d_7,10,mg/ml,2-5,ug/kg
i_88,c_79,d_7,10,mg/ml,10-20,ug/kg
i_89,c_79,d_7,10,mg/ml,20-30,ug/kg
i_101,c_8,d_9,5,mg/ml,0.1-0.2,mg/kg
i_101,c_8,d_18,100,mg/ml,2.2-4.4,mg/kg
i_99,c_80,d_9,5,mg/ml,0.05-0.1,mg/kg
i_105,c_81,d_10,50,mg/ml,0.02-0.04,mg/kg
i_106,c_81,d_10,50,mg/ml,0.02-0.1,mg/kg
i_118,c_82,d_12,50,mg/ml,0.5-1.1,mg/kg
i_126,c_83,d_14,0.2,mg/ml,5-10,ug/kg
i_130,c_84,d_15,50,mg/ml,50-100,mg/kg
i_131,c_84,d_15,100,mg/ml,50-100,mg/kg
i_130,c_84,d_18,100,mg/ml,2.0,mg/kg
i_135,c_85,d_16,2,mg/ml,0.02-0.04,mg/kg
i_138,c_86,d_17,10,units/ml,0.1,U/kg
i_142,c_87,d_18,100,mg/ml,2.2,mg/kg
i_143,c_88,d_18,100,mg/ml,40,µg/kg/min
i_146,c_89,d_9,5,mg/mL,0.02-0.1,mg/kg
i_146,c_89,d_18,100,mg/ml,2-2.5,mg/kg
i_103,c_9,d_10,50,mg/ml,0.02-0.04,mg/kg
i_104,c_9,d_10,50,mg/ml,0.02-0.1,mg/kg
i_147,c_90,d_18,100,mg/ml,2-2.5,mg/kg
i_147,c_90,d_25,5,mg/mL,0.02-0.1,mg/kg
i_201,c_91,d_25,5,mg/ml,0.05-0.1,mg/kg
i_225,c_92,d_27,20,mg/ml,0.06,mg/kg
i_226,c_93,d_27,20,mg/ml,0.04-0.06,mg/kg
i_239,c_94,d_31,10,mg/ml,10-20,ug/kg
i_242,c_95,d_31,10,mg/ml,25-100,ug/kg
i_244,c_96,d_31,10,mg/ml,25-50,ug/kg
i_246,c_96,d_31,10,mg/ml,80-120,ug/kg
i_247,c_96,d_31,10,mg/ml,160-360,ug/kg
i_257,c_97,d_33,100,mg/ml,1.5,mg/kg
i_258,c_97,d_33,100,mg/ml,1-2,mg/kg
i_289,c_98,d_35,100,mg/ml,0.2-1.0,mg/kg
i_292,c_99,d_35,100,mg/ml,0.17,mg/kg
